imagem;caminho;status;qtd_faces;tempo_ms
1.png;C:\Users\vcomp\Documents\tcc\resources\teste_atual\tudo\1.png;Nenhum rosto detectado;0;332,487
10.png;C:\Users\vcomp\Documents\tcc\resources\teste_atual\tudo\10.png;Reconhecimento concluído;1;51,094
100.JPG;C:\Users\vcomp\Documents\tcc\resources\teste_atual\tudo\100.JPG;Reconhecimento concluído;1;143,554
11.png;C:\Users\vcomp\Documents\tcc\resources\teste_atual\tudo\11.png;Reconhecimento concluído;1;38,253
12.png;C:\Users\vcomp\Documents\tcc\resources\teste_atual\tudo\12.png;Reconhecimento concluído;1;81,868
13.png;C:\Users\vcomp\Documents\tcc\resources\teste_atual\tudo\13.png;Nenhum rosto detectado;0;74,614
14.png;C:\Users\vcomp\Documents\tcc\resources\teste_atual\tudo\14.png;Reconhecimento concluído;1;105,898
15.png;C:\Users\vcomp\Documents\tcc\resources\teste_atual\tudo\15.png;Reconhecimento concluído;1;103,374
16.png;C:\Users\vcomp\Documents\tcc\resources\teste_atual\tudo\16.png;Reconhecimento concluído;2;107,653
17.png;C:\Users\vcomp\Documents\tcc\resources\teste_atual\tudo\17.png;Reconhecimento concluído;2;131,036
18.png;C:\Users\vcomp\Documents\tcc\resources\teste_atual\tudo\18.png;Reconhecimento concluído;1;88,492
19.png;C:\Users\vcomp\Documents\tcc\resources\teste_atual\tudo\19.png;Reconhecimento concluído;1;101,595
2.png;C:\Users\vcomp\Documents\tcc\resources\teste_atual\tudo\2.png;Reconhecimento concluído;1;43,675
20.png;C:\Users\vcomp\Documents\tcc\resources\teste_atual\tudo\20.png;Reconhecimento concluído;1;95,761
21.png;C:\Users\vcomp\Documents\tcc\resources\teste_atual\tudo\21.png;Nenhum rosto detectado;0;29,057
22.png;C:\Users\vcomp\Documents\tcc\resources\teste_atual\tudo\22.png;Nenhum rosto detectado;0;54,193
23.png;C:\Users\vcomp\Documents\tcc\resources\teste_atual\tudo\23.png;Nenhum rosto detectado;0;61,189
24.png;C:\Users\vcomp\Documents\tcc\resources\teste_atual\tudo\24.png;Nenhum rosto detectado;0;23,714
25.png;C:\Users\vcomp\Documents\tcc\resources\teste_atual\tudo\25.png;Reconhecimento concluído;1;38,889
26.png;C:\Users\vcomp\Documents\tcc\resources\teste_atual\tudo\26.png;Reconhecimento concluído;1;31,672
27.png;C:\Users\vcomp\Documents\tcc\resources\teste_atual\tudo\27.png;Reconhecimento concluído;1;31,631
28.png;C:\Users\vcomp\Documents\tcc\resources\teste_atual\tudo\28.png;Reconhecimento concluído;1;32,564
29.png;C:\Users\vcomp\Documents\tcc\resources\teste_atual\tudo\29.png;Reconhecimento concluído;1;83,525
3.png;C:\Users\vcomp\Documents\tcc\resources\teste_atual\tudo\3.png;Reconhecimento concluído;1;33,913
30.png;C:\Users\vcomp\Documents\tcc\resources\teste_atual\tudo\30.png;Reconhecimento concluído;1;69,199
31.png;C:\Users\vcomp\Documents\tcc\resources\teste_atual\tudo\31.png;Reconhecimento concluído;1;78,831
32.png;C:\Users\vcomp\Documents\tcc\resources\teste_atual\tudo\32.png;Reconhecimento concluído;1;90,034
33.png;C:\Users\vcomp\Documents\tcc\resources\teste_atual\tudo\33.png;Reconhecimento concluído;3;111,847
34.png;C:\Users\vcomp\Documents\tcc\resources\teste_atual\tudo\34.png;Reconhecimento concluído;1;124,569
35.png;C:\Users\vcomp\Documents\tcc\resources\teste_atual\tudo\35.png;Reconhecimento concluído;1;86,681
36.png;C:\Users\vcomp\Documents\tcc\resources\teste_atual\tudo\36.png;Reconhecimento concluído;1;101,496
37.png;C:\Users\vcomp\Documents\tcc\resources\teste_atual\tudo\37.png;Reconhecimento concluído;2;103,747
38.png;C:\Users\vcomp\Documents\tcc\resources\teste_atual\tudo\38.png;Reconhecimento concluído;1;48,454
39.png;C:\Users\vcomp\Documents\tcc\resources\teste_atual\tudo\39.png;Reconhecimento concluído;1;51,367
4.png;C:\Users\vcomp\Documents\tcc\resources\teste_atual\tudo\4.png;Nenhum rosto detectado;0;150,195
40.png;C:\Users\vcomp\Documents\tcc\resources\teste_atual\tudo\40.png;Nenhum rosto detectado;0;29,848
41.png;C:\Users\vcomp\Documents\tcc\resources\teste_atual\tudo\41.png;Reconhecimento concluído;1;35,781
42.png;C:\Users\vcomp\Documents\tcc\resources\teste_atual\tudo\42.png;Reconhecimento concluído;1;43,089
43.png;C:\Users\vcomp\Documents\tcc\resources\teste_atual\tudo\43.png;Reconhecimento concluído;1;39,820
44.png;C:\Users\vcomp\Documents\tcc\resources\teste_atual\tudo\44.png;Reconhecimento concluído;1;36,344
45.png;C:\Users\vcomp\Documents\tcc\resources\teste_atual\tudo\45.png;Nenhum rosto detectado;0;11,303
46.png;C:\Users\vcomp\Documents\tcc\resources\teste_atual\tudo\46.png;Reconhecimento concluído;1;33,777
46123.png;C:\Users\vcomp\Documents\tcc\resources\teste_atual\tudo\46123.png;Reconhecimento concluído;1;75,741
47.png;C:\Users\vcomp\Documents\tcc\resources\teste_atual\tudo\47.png;Nenhum rosto detectado;0;44,217
48.png;C:\Users\vcomp\Documents\tcc\resources\teste_atual\tudo\48.png;Reconhecimento concluído;1;36,688
49.png;C:\Users\vcomp\Documents\tcc\resources\teste_atual\tudo\49.png;Nenhum rosto detectado;0;16,160
5.png;C:\Users\vcomp\Documents\tcc\resources\teste_atual\tudo\5.png;Reconhecimento concluído;1;39,927
50.png;C:\Users\vcomp\Documents\tcc\resources\teste_atual\tudo\50.png;Reconhecimento concluído;1;56,707
51.png;C:\Users\vcomp\Documents\tcc\resources\teste_atual\tudo\51.png;Nenhum rosto detectado;0;93,722
52.png;C:\Users\vcomp\Documents\tcc\resources\teste_atual\tudo\52.png;Reconhecimento concluído;1;36,460
53.png;C:\Users\vcomp\Documents\tcc\resources\teste_atual\tudo\53.png;Reconhecimento concluído;1;40,493
54.png;C:\Users\vcomp\Documents\tcc\resources\teste_atual\tudo\54.png;Reconhecimento concluído;2;62,828
55.png;C:\Users\vcomp\Documents\tcc\resources\teste_atual\tudo\55.png;Reconhecimento concluído;1;50,395
56.png;C:\Users\vcomp\Documents\tcc\resources\teste_atual\tudo\56.png;Reconhecimento concluído;1;55,878
57.png;C:\Users\vcomp\Documents\tcc\resources\teste_atual\tudo\57.png;Reconhecimento concluído;1;37,353
58.png;C:\Users\vcomp\Documents\tcc\resources\teste_atual\tudo\58.png;Reconhecimento concluído;1;41,380
59.png;C:\Users\vcomp\Documents\tcc\resources\teste_atual\tudo\59.png;Reconhecimento concluído;17;512,952
6.png;C:\Users\vcomp\Documents\tcc\resources\teste_atual\tudo\6.png;Reconhecimento concluído;1;62,637
60.png;C:\Users\vcomp\Documents\tcc\resources\teste_atual\tudo\60.png;Reconhecimento concluído;21;554,941
61.png;C:\Users\vcomp\Documents\tcc\resources\teste_atual\tudo\61.png;Reconhecimento concluído;12;361,902
62.png;C:\Users\vcomp\Documents\tcc\resources\teste_atual\tudo\62.png;Reconhecimento concluído;2;49,960
63.png;C:\Users\vcomp\Documents\tcc\resources\teste_atual\tudo\63.png;Reconhecimento concluído;14;338,355
64.png;C:\Users\vcomp\Documents\tcc\resources\teste_atual\tudo\64.png;Reconhecimento concluído;9;316,861
65.png;C:\Users\vcomp\Documents\tcc\resources\teste_atual\tudo\65.png;Reconhecimento concluído;5;192,355
66.png;C:\Users\vcomp\Documents\tcc\resources\teste_atual\tudo\66.png;Reconhecimento concluído;6;159,489
67.png;C:\Users\vcomp\Documents\tcc\resources\teste_atual\tudo\67.png;Reconhecimento concluído;6;159,225
68.png;C:\Users\vcomp\Documents\tcc\resources\teste_atual\tudo\68.png;Reconhecimento concluído;3;98,868
69.png;C:\Users\vcomp\Documents\tcc\resources\teste_atual\tudo\69.png;Reconhecimento concluído;15;456,803
7.png;C:\Users\vcomp\Documents\tcc\resources\teste_atual\tudo\7.png;Reconhecimento concluído;1;82,909
70.png;C:\Users\vcomp\Documents\tcc\resources\teste_atual\tudo\70.png;Reconhecimento concluído;2;118,740
71.png;C:\Users\vcomp\Documents\tcc\resources\teste_atual\tudo\71.png;Reconhecimento concluído;8;209,475
72.png;C:\Users\vcomp\Documents\tcc\resources\teste_atual\tudo\72.png;Reconhecimento concluído;10;360,976
73.png;C:\Users\vcomp\Documents\tcc\resources\teste_atual\tudo\73.png;Reconhecimento concluído;19;504,976
74.png;C:\Users\vcomp\Documents\tcc\resources\teste_atual\tudo\74.png;Reconhecimento concluído;4;97,367
75.png;C:\Users\vcomp\Documents\tcc\resources\teste_atual\tudo\75.png;Reconhecimento concluído;1;28,177
76.png;C:\Users\vcomp\Documents\tcc\resources\teste_atual\tudo\76.png;Reconhecimento concluído;6;167,008
77.png;C:\Users\vcomp\Documents\tcc\resources\teste_atual\tudo\77.png;Reconhecimento concluído;4;181,914
78.png;C:\Users\vcomp\Documents\tcc\resources\teste_atual\tudo\78.png;Reconhecimento concluído;12;427,949
79.png;C:\Users\vcomp\Documents\tcc\resources\teste_atual\tudo\79.png;Reconhecimento concluído;2;151,804
8.png;C:\Users\vcomp\Documents\tcc\resources\teste_atual\tudo\8.png;Reconhecimento concluído;1;101,158
80.png;C:\Users\vcomp\Documents\tcc\resources\teste_atual\tudo\80.png;Reconhecimento concluído;5;190,363
81.png;C:\Users\vcomp\Documents\tcc\resources\teste_atual\tudo\81.png;Reconhecimento concluído;2;105,900
82.png;C:\Users\vcomp\Documents\tcc\resources\teste_atual\tudo\82.png;Reconhecimento concluído;8;270,886
83.png;C:\Users\vcomp\Documents\tcc\resources\teste_atual\tudo\83.png;Reconhecimento concluído;5;189,029
84.png;C:\Users\vcomp\Documents\tcc\resources\teste_atual\tudo\84.png;Reconhecimento concluído;4;137,790
85.png;C:\Users\vcomp\Documents\tcc\resources\teste_atual\tudo\85.png;Nenhum rosto detectado;0;102,522
86.png;C:\Users\vcomp\Documents\tcc\resources\teste_atual\tudo\86.png;Reconhecimento concluído;1;82,439
87.png;C:\Users\vcomp\Documents\tcc\resources\teste_atual\tudo\87.png;Reconhecimento concluído;2;100,572
88.png;C:\Users\vcomp\Documents\tcc\resources\teste_atual\tudo\88.png;Reconhecimento concluído;2;94,521
89.png;C:\Users\vcomp\Documents\tcc\resources\teste_atual\tudo\89.png;Nenhum rosto detectado;0;82,010
9.png;C:\Users\vcomp\Documents\tcc\resources\teste_atual\tudo\9.png;Nenhum rosto detectado;0;35,263
90.png;C:\Users\vcomp\Documents\tcc\resources\teste_atual\tudo\90.png;Reconhecimento concluído;2;104,676
91.png;C:\Users\vcomp\Documents\tcc\resources\teste_atual\tudo\91.png;Reconhecimento concluído;5;155,835
92.png;C:\Users\vcomp\Documents\tcc\resources\teste_atual\tudo\92.png;Reconhecimento concluído;2;134,952
93.png;C:\Users\vcomp\Documents\tcc\resources\teste_atual\tudo\93.png;Reconhecimento concluído;1;82,362
94.png;C:\Users\vcomp\Documents\tcc\resources\teste_atual\tudo\94.png;Reconhecimento concluído;2;127,995
95.png;C:\Users\vcomp\Documents\tcc\resources\teste_atual\tudo\95.png;Reconhecimento concluído;3;121,877
96.png;C:\Users\vcomp\Documents\tcc\resources\teste_atual\tudo\96.png;Reconhecimento concluído;2;89,589
97.png;C:\Users\vcomp\Documents\tcc\resources\teste_atual\tudo\97.png;Reconhecimento concluído;2;147,595
98.png;C:\Users\vcomp\Documents\tcc\resources\teste_atual\tudo\98.png;Reconhecimento concluído;2;140,410
99.png;C:\Users\vcomp\Documents\tcc\resources\teste_atual\tudo\99.png;Reconhecimento concluído;1;58,635
